,ROB,IQ,WIDTH,IPC
1881,512,512,1,0.998901209
1882,512,512,2,1.993620415
1883,512,512,3,2.984183826
1884,512,512,4,3.969829297
1885,512,512,5,4.948045522
1886,512,512,6,5.793742758
1887,512,512,7,6.381620932
1888,512,512,8,6.793478261
1889,512,512,9,7.097232079
1890,512,512,10,7.256894049
1891,512,512,11,7.352941176
1892,512,512,12,7.462686567
1893,512,512,13,7.530120482
1894,512,512,14,7.507507508
1895,512,512,15,7.530120482
1896,512,512,16,7.56429652
1897,512,512,17,7.61614623
1898,512,512,18,7.610350076
1899,512,512,19,7.651109411
1862,512,256,1,0.998901209
1863,512,256,2,1.993620415
1864,512,256,3,2.984183826
1865,512,256,4,3.969829297
1866,512,256,5,4.948045522
1867,512,256,6,5.793742758
1868,512,256,7,6.381620932
1869,512,256,8,6.793478261
1870,512,256,9,7.097232079
1871,512,256,10,7.256894049
1872,512,256,11,7.352941176
1873,512,256,12,7.462686567
1874,512,256,13,7.530120482
1875,512,256,14,7.507507508
1876,512,256,15,7.530120482
1877,512,256,16,7.56429652
1878,512,256,17,7.61614623
1879,512,256,18,7.610350076
1880,512,256,19,7.651109411
1843,512,128,1,0.998901209
1844,512,128,2,1.993620415
1845,512,128,3,2.984183826
1846,512,128,4,3.969829297
1847,512,128,5,4.948045522
1848,512,128,6,5.793742758
1849,512,128,7,6.381620932
1850,512,128,8,6.793478261
1851,512,128,9,7.097232079
1852,512,128,10,7.256894049
1853,512,128,11,7.352941176
1854,512,128,12,7.462686567
1855,512,128,13,7.530120482
1856,512,128,14,7.507507508
1857,512,128,15,7.530120482
1858,512,128,16,7.56429652
1859,512,128,17,7.61614623
1860,512,128,18,7.610350076
1861,512,128,19,7.651109411
1824,512,64,1,0.998901209
1825,512,64,2,1.993620415
1826,512,64,3,2.984183826
1827,512,64,4,3.969829297
1828,512,64,5,4.948045522
1829,512,64,6,5.793742758
1830,512,64,7,6.381620932
1831,512,64,8,6.793478261
1832,512,64,9,7.097232079
1833,512,64,10,7.256894049
1834,512,64,11,7.352941176
1835,512,64,12,7.462686567
1836,512,64,13,7.530120482
1837,512,64,14,7.507507508
1838,512,64,15,7.530120482
1839,512,64,16,7.56429652
1840,512,64,17,7.61614623
1841,512,64,18,7.610350076
1842,512,64,19,7.651109411
1805,512,32,1,0.998901209
1806,512,32,2,1.993620415
1807,512,32,3,2.984183826
1808,512,32,4,3.969829297
1809,512,32,5,4.948045522
1810,512,32,6,5.793742758
1811,512,32,7,6.381620932
1812,512,32,8,6.793478261
1813,512,32,9,7.097232079
1814,512,32,10,7.256894049
1815,512,32,11,7.352941176
1816,512,32,12,7.462686567
1817,512,32,13,7.530120482
1818,512,32,14,7.507507508
1819,512,32,15,7.518796992
1820,512,32,16,7.56429652
1821,512,32,17,7.61614623
1822,512,32,18,7.610350076
1823,512,32,19,7.645259939
1786,512,16,1,0.998901209
1787,512,16,2,1.993620415
1788,512,16,3,2.984183826
1789,512,16,4,3.965107058
1790,512,16,5,4.918839154
1791,512,16,6,5.737234653
1792,512,16,7,6.337135615
1793,512,16,8,6.702412869
1794,512,16,9,6.983240223
1795,512,16,10,7.052186178
1796,512,16,11,7.01754386
1797,512,16,12,7.027406887
1798,512,16,13,7.067137809
1799,512,16,14,7.062146893
1800,512,16,15,7.052186178
1801,512,16,16,7.097232079
1802,512,16,17,7.137758744
1803,512,16,18,7.158196135
1804,512,16,19,7.194244604
1767,512,8,1,0.998901209
1768,512,8,2,1.993223042
1769,512,8,3,2.928257687
1770,512,8,4,3.699593045
1771,512,8,5,4.133939644
1772,512,8,6,4.224757076
1773,512,8,7,4.194630872
1774,512,8,8,4.201680672
1775,512,8,9,4.212299916
1776,512,8,10,4.432624113
1777,512,8,11,4.512635379
1778,512,8,12,4.494382022
1779,512,8,13,4.498425551
1780,512,8,14,4.482294935
1781,512,8,15,4.543389368
1782,512,8,16,4.576659039
1783,512,8,17,4.627487274
1784,512,8,18,4.606172271
1785,512,8,19,4.621072089
1748,512,4,1,0.998901209
1749,512,4,2,1.945525292
1750,512,4,3,2.525252525
1751,512,4,4,2.525252525
1752,512,4,5,2.413709872
1753,512,4,6,2.62605042
1754,512,4,7,2.653223667
1755,512,4,8,2.637826431
1756,512,4,9,2.658160553
1757,512,4,10,2.705627706
1758,512,4,11,2.7100271
1759,512,4,12,2.718868951
1760,512,4,13,2.750275028
1761,512,4,14,2.744237102
1762,512,4,15,2.750275028
1763,512,4,16,2.75558005
1764,512,4,17,2.759381898
1765,512,4,18,2.777006387
1766,512,4,19,2.78551532
1729,512,2,1,0.998901209
1730,512,2,2,1.587301587
1731,512,2,3,1.457938475
1732,512,2,4,1.601537476
1733,512,2,5,1.55159038
1734,512,2,6,1.622060016
1735,512,2,7,1.597188947
1736,512,2,8,1.628399284
1737,512,2,9,1.620482904
1738,512,2,10,1.639344262
1739,512,2,11,1.629195178
1740,512,2,12,1.647989453
1741,512,2,13,1.642036125
1742,512,2,14,1.647446458
1743,512,2,15,1.646361541
1744,512,2,16,1.653986107
1745,512,2,17,1.647989453
1746,512,2,18,1.655629139
1747,512,2,19,1.655903295
1710,512,1,1,0.998901209
1711,512,1,2,0.99930049
1712,512,1,3,0.99930049
1713,512,1,4,0.99930049
1714,512,1,5,0.99930049
1715,512,1,6,0.99930049
1716,512,1,7,0.99930049
1717,512,1,8,0.99930049
1718,512,1,9,0.99930049
1719,512,1,10,0.99930049
1720,512,1,11,0.99930049
1721,512,1,12,0.99930049
1722,512,1,13,0.99930049
1723,512,1,14,0.99930049
1724,512,1,15,0.99930049
1725,512,1,16,0.99930049
1726,512,1,17,0.99930049
1727,512,1,18,0.99930049
1728,512,1,19,0.99930049
1691,256,512,1,0.998901209
1692,256,512,2,1.993620415
1693,256,512,3,2.984183826
1694,256,512,4,3.969829297
1695,256,512,5,4.948045522
1696,256,512,6,5.793742758
1697,256,512,7,6.381620932
1698,256,512,8,6.793478261
1699,256,512,9,7.097232079
1700,256,512,10,7.256894049
1701,256,512,11,7.352941176
1702,256,512,12,7.462686567
1703,256,512,13,7.530120482
1704,256,512,14,7.507507508
1705,256,512,15,7.530120482
1706,256,512,16,7.56429652
1707,256,512,17,7.61614623
1708,256,512,18,7.610350076
1709,256,512,19,7.651109411
1672,256,256,1,0.998901209
1673,256,256,2,1.993620415
1674,256,256,3,2.984183826
1675,256,256,4,3.969829297
1676,256,256,5,4.948045522
1677,256,256,6,5.793742758
1678,256,256,7,6.381620932
1679,256,256,8,6.793478261
1680,256,256,9,7.097232079
1681,256,256,10,7.256894049
1682,256,256,11,7.352941176
1683,256,256,12,7.462686567
1684,256,256,13,7.530120482
1685,256,256,14,7.507507508
1686,256,256,15,7.530120482
1687,256,256,16,7.56429652
1688,256,256,17,7.61614623
1689,256,256,18,7.610350076
1690,256,256,19,7.651109411
1653,256,128,1,0.998901209
1654,256,128,2,1.993620415
1655,256,128,3,2.984183826
1656,256,128,4,3.969829297
1657,256,128,5,4.948045522
1658,256,128,6,5.793742758
1659,256,128,7,6.381620932
1660,256,128,8,6.793478261
1661,256,128,9,7.097232079
1662,256,128,10,7.256894049
1663,256,128,11,7.352941176
1664,256,128,12,7.462686567
1665,256,128,13,7.530120482
1666,256,128,14,7.507507508
1667,256,128,15,7.530120482
1668,256,128,16,7.56429652
1669,256,128,17,7.61614623
1670,256,128,18,7.610350076
1671,256,128,19,7.651109411
1634,256,64,1,0.998901209
1635,256,64,2,1.993620415
1636,256,64,3,2.984183826
1637,256,64,4,3.969829297
1638,256,64,5,4.948045522
1639,256,64,6,5.793742758
1640,256,64,7,6.381620932
1641,256,64,8,6.793478261
1642,256,64,9,7.097232079
1643,256,64,10,7.256894049
1644,256,64,11,7.352941176
1645,256,64,12,7.462686567
1646,256,64,13,7.530120482
1647,256,64,14,7.507507508
1648,256,64,15,7.530120482
1649,256,64,16,7.56429652
1650,256,64,17,7.61614623
1651,256,64,18,7.610350076
1652,256,64,19,7.651109411
1615,256,32,1,0.998901209
1616,256,32,2,1.993620415
1617,256,32,3,2.984183826
1618,256,32,4,3.969829297
1619,256,32,5,4.948045522
1620,256,32,6,5.793742758
1621,256,32,7,6.381620932
1622,256,32,8,6.793478261
1623,256,32,9,7.097232079
1624,256,32,10,7.256894049
1625,256,32,11,7.352941176
1626,256,32,12,7.462686567
1627,256,32,13,7.530120482
1628,256,32,14,7.507507508
1629,256,32,15,7.518796992
1630,256,32,16,7.56429652
1631,256,32,17,7.61614623
1632,256,32,18,7.610350076
1633,256,32,19,7.645259939
1596,256,16,1,0.998901209
1597,256,16,2,1.993620415
1598,256,16,3,2.984183826
1599,256,16,4,3.965107058
1600,256,16,5,4.918839154
1601,256,16,6,5.737234653
1602,256,16,7,6.337135615
1603,256,16,8,6.702412869
1604,256,16,9,6.983240223
1605,256,16,10,7.052186178
1606,256,16,11,7.01754386
1607,256,16,12,7.027406887
1608,256,16,13,7.067137809
1609,256,16,14,7.062146893
1610,256,16,15,7.052186178
1611,256,16,16,7.097232079
1612,256,16,17,7.137758744
1613,256,16,18,7.158196135
1614,256,16,19,7.194244604
1577,256,8,1,0.998901209
1578,256,8,2,1.993223042
1579,256,8,3,2.928257687
1580,256,8,4,3.699593045
1581,256,8,5,4.133939644
1582,256,8,6,4.224757076
1583,256,8,7,4.194630872
1584,256,8,8,4.201680672
1585,256,8,9,4.212299916
1586,256,8,10,4.432624113
1587,256,8,11,4.512635379
1588,256,8,12,4.494382022
1589,256,8,13,4.498425551
1590,256,8,14,4.482294935
1591,256,8,15,4.543389368
1592,256,8,16,4.576659039
1593,256,8,17,4.627487274
1594,256,8,18,4.606172271
1595,256,8,19,4.621072089
1558,256,4,1,0.998901209
1559,256,4,2,1.945525292
1560,256,4,3,2.525252525
1561,256,4,4,2.525252525
1562,256,4,5,2.413709872
1563,256,4,6,2.62605042
1564,256,4,7,2.653223667
1565,256,4,8,2.637826431
1566,256,4,9,2.658160553
1567,256,4,10,2.705627706
1568,256,4,11,2.7100271
1569,256,4,12,2.718868951
1570,256,4,13,2.750275028
1571,256,4,14,2.744237102
1572,256,4,15,2.750275028
1573,256,4,16,2.75558005
1574,256,4,17,2.759381898
1575,256,4,18,2.777006387
1576,256,4,19,2.78551532
1539,256,2,1,0.998901209
1540,256,2,2,1.587301587
1541,256,2,3,1.457938475
1542,256,2,4,1.601537476
1543,256,2,5,1.55159038
1544,256,2,6,1.622060016
1545,256,2,7,1.597188947
1546,256,2,8,1.628399284
1547,256,2,9,1.620482904
1548,256,2,10,1.639344262
1549,256,2,11,1.629195178
1550,256,2,12,1.647989453
1551,256,2,13,1.642036125
1552,256,2,14,1.647446458
1553,256,2,15,1.646361541
1554,256,2,16,1.653986107
1555,256,2,17,1.647989453
1556,256,2,18,1.655629139
1557,256,2,19,1.655903295
1520,256,1,1,0.998901209
1521,256,1,2,0.99930049
1522,256,1,3,0.99930049
1523,256,1,4,0.99930049
1524,256,1,5,0.99930049
1525,256,1,6,0.99930049
1526,256,1,7,0.99930049
1527,256,1,8,0.99930049
1528,256,1,9,0.99930049
1529,256,1,10,0.99930049
1530,256,1,11,0.99930049
1531,256,1,12,0.99930049
1532,256,1,13,0.99930049
1533,256,1,14,0.99930049
1534,256,1,15,0.99930049
1535,256,1,16,0.99930049
1536,256,1,17,0.99930049
1537,256,1,18,0.99930049
1538,256,1,19,0.99930049
1501,128,512,1,0.998901209
1502,128,512,2,1.993620415
1503,128,512,3,2.984183826
1504,128,512,4,3.969829297
1505,128,512,5,4.948045522
1506,128,512,6,5.793742758
1507,128,512,7,6.381620932
1508,128,512,8,6.793478261
1509,128,512,9,7.097232079
1510,128,512,10,7.256894049
1511,128,512,11,7.352941176
1512,128,512,12,7.462686567
1513,128,512,13,7.530120482
1514,128,512,14,7.507507508
1515,128,512,15,7.530120482
1516,128,512,16,7.56429652
1517,128,512,17,7.61614623
1518,128,512,18,7.610350076
1519,128,512,19,7.651109411
1482,128,256,1,0.998901209
1483,128,256,2,1.993620415
1484,128,256,3,2.984183826
1485,128,256,4,3.969829297
1486,128,256,5,4.948045522
1487,128,256,6,5.793742758
1488,128,256,7,6.381620932
1489,128,256,8,6.793478261
1490,128,256,9,7.097232079
1491,128,256,10,7.256894049
1492,128,256,11,7.352941176
1493,128,256,12,7.462686567
1494,128,256,13,7.530120482
1495,128,256,14,7.507507508
1496,128,256,15,7.530120482
1497,128,256,16,7.56429652
1498,128,256,17,7.61614623
1499,128,256,18,7.610350076
1500,128,256,19,7.651109411
1463,128,128,1,0.998901209
1464,128,128,2,1.993620415
1465,128,128,3,2.984183826
1466,128,128,4,3.969829297
1467,128,128,5,4.948045522
1468,128,128,6,5.793742758
1469,128,128,7,6.381620932
1470,128,128,8,6.793478261
1471,128,128,9,7.097232079
1472,128,128,10,7.256894049
1473,128,128,11,7.352941176
1474,128,128,12,7.462686567
1475,128,128,13,7.530120482
1476,128,128,14,7.507507508
1477,128,128,15,7.530120482
1478,128,128,16,7.56429652
1479,128,128,17,7.61614623
1480,128,128,18,7.610350076
1481,128,128,19,7.651109411
1444,128,64,1,0.998901209
1445,128,64,2,1.993620415
1446,128,64,3,2.984183826
1447,128,64,4,3.969829297
1448,128,64,5,4.948045522
1449,128,64,6,5.793742758
1450,128,64,7,6.381620932
1451,128,64,8,6.793478261
1452,128,64,9,7.097232079
1453,128,64,10,7.256894049
1454,128,64,11,7.352941176
1455,128,64,12,7.462686567
1456,128,64,13,7.530120482
1457,128,64,14,7.507507508
1458,128,64,15,7.530120482
1459,128,64,16,7.56429652
1460,128,64,17,7.61614623
1461,128,64,18,7.610350076
1462,128,64,19,7.651109411
1425,128,32,1,0.998901209
1426,128,32,2,1.993620415
1427,128,32,3,2.984183826
1428,128,32,4,3.969829297
1429,128,32,5,4.948045522
1430,128,32,6,5.793742758
1431,128,32,7,6.381620932
1432,128,32,8,6.793478261
1433,128,32,9,7.097232079
1434,128,32,10,7.256894049
1435,128,32,11,7.352941176
1436,128,32,12,7.462686567
1437,128,32,13,7.530120482
1438,128,32,14,7.507507508
1439,128,32,15,7.518796992
1440,128,32,16,7.56429652
1441,128,32,17,7.61614623
1442,128,32,18,7.610350076
1443,128,32,19,7.645259939
1406,128,16,1,0.998901209
1407,128,16,2,1.993620415
1408,128,16,3,2.984183826
1409,128,16,4,3.965107058
1410,128,16,5,4.918839154
1411,128,16,6,5.737234653
1412,128,16,7,6.337135615
1413,128,16,8,6.702412869
1414,128,16,9,6.983240223
1415,128,16,10,7.052186178
1416,128,16,11,7.01754386
1417,128,16,12,7.027406887
1418,128,16,13,7.067137809
1419,128,16,14,7.062146893
1420,128,16,15,7.052186178
1421,128,16,16,7.097232079
1422,128,16,17,7.137758744
1423,128,16,18,7.158196135
1424,128,16,19,7.194244604
1387,128,8,1,0.998901209
1388,128,8,2,1.993223042
1389,128,8,3,2.928257687
1390,128,8,4,3.699593045
1391,128,8,5,4.133939644
1392,128,8,6,4.224757076
1393,128,8,7,4.194630872
1394,128,8,8,4.201680672
1395,128,8,9,4.212299916
1396,128,8,10,4.432624113
1397,128,8,11,4.512635379
1398,128,8,12,4.494382022
1399,128,8,13,4.498425551
1400,128,8,14,4.482294935
1401,128,8,15,4.543389368
1402,128,8,16,4.576659039
1403,128,8,17,4.627487274
1404,128,8,18,4.606172271
1405,128,8,19,4.621072089
1368,128,4,1,0.998901209
1369,128,4,2,1.945525292
1370,128,4,3,2.525252525
1371,128,4,4,2.525252525
1372,128,4,5,2.413709872
1373,128,4,6,2.62605042
1374,128,4,7,2.653223667
1375,128,4,8,2.637826431
1376,128,4,9,2.658160553
1377,128,4,10,2.705627706
1378,128,4,11,2.7100271
1379,128,4,12,2.718868951
1380,128,4,13,2.750275028
1381,128,4,14,2.744237102
1382,128,4,15,2.750275028
1383,128,4,16,2.75558005
1384,128,4,17,2.759381898
1385,128,4,18,2.777006387
1386,128,4,19,2.78551532
1349,128,2,1,0.998901209
1350,128,2,2,1.587301587
1351,128,2,3,1.457938475
1352,128,2,4,1.601537476
1353,128,2,5,1.55159038
1354,128,2,6,1.622060016
1355,128,2,7,1.597188947
1356,128,2,8,1.628399284
1357,128,2,9,1.620482904
1358,128,2,10,1.639344262
1359,128,2,11,1.629195178
1360,128,2,12,1.647989453
1361,128,2,13,1.642036125
1362,128,2,14,1.647446458
1363,128,2,15,1.646361541
1364,128,2,16,1.653986107
1365,128,2,17,1.647989453
1366,128,2,18,1.655629139
1367,128,2,19,1.655903295
1330,128,1,1,0.998901209
1331,128,1,2,0.99930049
1332,128,1,3,0.99930049
1333,128,1,4,0.99930049
1334,128,1,5,0.99930049
1335,128,1,6,0.99930049
1336,128,1,7,0.99930049
1337,128,1,8,0.99930049
1338,128,1,9,0.99930049
1339,128,1,10,0.99930049
1340,128,1,11,0.99930049
1341,128,1,12,0.99930049
1342,128,1,13,0.99930049
1343,128,1,14,0.99930049
1344,128,1,15,0.99930049
1345,128,1,16,0.99930049
1346,128,1,17,0.99930049
1347,128,1,18,0.99930049
1348,128,1,19,0.99930049
1311,64,512,1,0.998901209
1312,64,512,2,1.993620415
1313,64,512,3,2.984183826
1314,64,512,4,3.966679889
1315,64,512,5,4.752851711
1316,64,512,6,5.15995872
1317,64,512,7,5.330490405
1318,64,512,8,5.42888165
1319,64,512,9,5.530973451
1320,64,512,10,5.567928731
1321,64,512,11,5.605381166
1322,64,512,12,5.599104143
1323,64,512,13,5.640157924
1324,64,512,14,5.627462015
1325,64,512,15,5.656108597
1326,64,512,16,5.678591709
1327,64,512,17,5.656108597
1328,64,512,18,5.678591709
1329,64,512,19,5.675368899
1292,64,256,1,0.998901209
1293,64,256,2,1.993620415
1294,64,256,3,2.984183826
1295,64,256,4,3.966679889
1296,64,256,5,4.752851711
1297,64,256,6,5.15995872
1298,64,256,7,5.330490405
1299,64,256,8,5.42888165
1300,64,256,9,5.530973451
1301,64,256,10,5.567928731
1302,64,256,11,5.605381166
1303,64,256,12,5.599104143
1304,64,256,13,5.640157924
1305,64,256,14,5.627462015
1306,64,256,15,5.656108597
1307,64,256,16,5.678591709
1308,64,256,17,5.656108597
1309,64,256,18,5.678591709
1310,64,256,19,5.675368899
1273,64,128,1,0.998901209
1274,64,128,2,1.993620415
1275,64,128,3,2.984183826
1276,64,128,4,3.966679889
1277,64,128,5,4.752851711
1278,64,128,6,5.15995872
1279,64,128,7,5.330490405
1280,64,128,8,5.42888165
1281,64,128,9,5.530973451
1282,64,128,10,5.567928731
1283,64,128,11,5.605381166
1284,64,128,12,5.599104143
1285,64,128,13,5.640157924
1286,64,128,14,5.627462015
1287,64,128,15,5.656108597
1288,64,128,16,5.678591709
1289,64,128,17,5.656108597
1290,64,128,18,5.678591709
1291,64,128,19,5.675368899
1254,64,64,1,0.998901209
1255,64,64,2,1.993620415
1256,64,64,3,2.984183826
1257,64,64,4,3.966679889
1258,64,64,5,4.752851711
1259,64,64,6,5.15995872
1260,64,64,7,5.330490405
1261,64,64,8,5.42888165
1262,64,64,9,5.530973451
1263,64,64,10,5.567928731
1264,64,64,11,5.605381166
1265,64,64,12,5.599104143
1266,64,64,13,5.640157924
1267,64,64,14,5.627462015
1268,64,64,15,5.656108597
1269,64,64,16,5.678591709
1270,64,64,17,5.656108597
1271,64,64,18,5.678591709
1272,64,64,19,5.675368899
1235,64,32,1,0.998901209
1236,64,32,2,1.993620415
1237,64,32,3,2.984183826
1238,64,32,4,3.966679889
1239,64,32,5,4.752851711
1240,64,32,6,5.15995872
1241,64,32,7,5.330490405
1242,64,32,8,5.42888165
1243,64,32,9,5.530973451
1244,64,32,10,5.567928731
1245,64,32,11,5.605381166
1246,64,32,12,5.599104143
1247,64,32,13,5.640157924
1248,64,32,14,5.627462015
1249,64,32,15,5.656108597
1250,64,32,16,5.678591709
1251,64,32,17,5.656108597
1252,64,32,18,5.678591709
1253,64,32,19,5.675368899
1216,64,16,1,0.998901209
1217,64,16,2,1.993620415
1218,64,16,3,2.984183826
1219,64,16,4,3.963535474
1220,64,16,5,4.752851711
1221,64,16,6,5.15995872
1222,64,16,7,5.330490405
1223,64,16,8,5.425935974
1224,64,16,9,5.515719801
1225,64,16,10,5.549389567
1226,64,16,11,5.564830273
1227,64,16,12,5.561735261
1228,64,16,13,5.58347292
1229,64,16,14,5.58347292
1230,64,16,15,5.599104143
1231,64,16,16,5.602240896
1232,64,16,17,5.571030641
1233,64,16,18,5.617977528
1234,64,16,19,5.602240896
1197,64,8,1,0.998901209
1198,64,8,2,1.993223042
1199,64,8,3,2.928257687
1200,64,8,4,3.699593045
1201,64,8,5,4.133939644
1202,64,8,6,4.224757076
1203,64,8,7,4.194630872
1204,64,8,8,4.201680672
1205,64,8,9,4.212299916
1206,64,8,10,4.432624113
1207,64,8,11,4.508566276
1208,64,8,12,4.484304933
1209,64,8,13,4.486316734
1210,64,8,14,4.474272931
1211,64,8,15,4.524886878
1212,64,8,16,4.553734062
1213,64,8,17,4.580852038
1214,64,8,18,4.576659039
1215,64,8,19,4.570383912
1178,64,4,1,0.998901209
1179,64,4,2,1.945525292
1180,64,4,3,2.525252525
1181,64,4,4,2.525252525
1182,64,4,5,2.413709872
1183,64,4,6,2.62605042
1184,64,4,7,2.653223667
1185,64,4,8,2.637826431
1186,64,4,9,2.658160553
1187,64,4,10,2.705627706
1188,64,4,11,2.7100271
1189,64,4,12,2.718868951
1190,64,4,13,2.750275028
1191,64,4,14,2.744237102
1192,64,4,15,2.750275028
1193,64,4,16,2.75558005
1194,64,4,17,2.759381898
1195,64,4,18,2.777006387
1196,64,4,19,2.78551532
1159,64,2,1,0.998901209
1160,64,2,2,1.587301587
1161,64,2,3,1.457938475
1162,64,2,4,1.601537476
1163,64,2,5,1.55159038
1164,64,2,6,1.622060016
1165,64,2,7,1.597188947
1166,64,2,8,1.628399284
1167,64,2,9,1.620482904
1168,64,2,10,1.639344262
1169,64,2,11,1.629195178
1170,64,2,12,1.647989453
1171,64,2,13,1.642036125
1172,64,2,14,1.647446458
1173,64,2,15,1.646361541
1174,64,2,16,1.653986107
1175,64,2,17,1.647989453
1176,64,2,18,1.655629139
1177,64,2,19,1.655903295
1140,64,1,1,0.998901209
1141,64,1,2,0.99930049
1142,64,1,3,0.99930049
1143,64,1,4,0.99930049
1144,64,1,5,0.99930049
1145,64,1,6,0.99930049
1146,64,1,7,0.99930049
1147,64,1,8,0.99930049
1148,64,1,9,0.99930049
1149,64,1,10,0.99930049
1150,64,1,11,0.99930049
1151,64,1,12,0.99930049
1152,64,1,13,0.99930049
1153,64,1,14,0.99930049
1154,64,1,15,0.99930049
1155,64,1,16,0.99930049
1156,64,1,17,0.99930049
1157,64,1,18,0.99930049
1158,64,1,19,0.99930049
1121,32,512,1,0.998901209
1122,32,512,2,1.993620415
1123,32,512,3,2.795638803
1124,32,512,4,3.03674461
1125,32,512,5,3.109452736
1126,32,512,6,3.156565657
1127,32,512,7,3.169572108
1128,32,512,8,3.209242619
1129,32,512,9,3.196930946
1130,32,512,10,3.223726628
1131,32,512,11,3.224766204
1132,32,512,12,3.214400514
1133,32,512,13,3.231017771
1134,32,512,14,3.239390994
1135,32,512,15,3.242542153
1136,32,512,16,3.25414904
1137,32,512,17,3.234152652
1138,32,512,18,3.242542153
1139,32,512,19,3.242542153
1102,32,256,1,0.998901209
1103,32,256,2,1.993620415
1104,32,256,3,2.795638803
1105,32,256,4,3.03674461
1106,32,256,5,3.109452736
1107,32,256,6,3.156565657
1108,32,256,7,3.169572108
1109,32,256,8,3.209242619
1110,32,256,9,3.196930946
1111,32,256,10,3.223726628
1112,32,256,11,3.224766204
1113,32,256,12,3.214400514
1114,32,256,13,3.231017771
1115,32,256,14,3.239390994
1116,32,256,15,3.242542153
1117,32,256,16,3.25414904
1118,32,256,17,3.234152652
1119,32,256,18,3.242542153
1120,32,256,19,3.242542153
1083,32,128,1,0.998901209
1084,32,128,2,1.993620415
1085,32,128,3,2.795638803
1086,32,128,4,3.03674461
1087,32,128,5,3.109452736
1088,32,128,6,3.156565657
1089,32,128,7,3.169572108
1090,32,128,8,3.209242619
1091,32,128,9,3.196930946
1092,32,128,10,3.223726628
1093,32,128,11,3.224766204
1094,32,128,12,3.214400514
1095,32,128,13,3.231017771
1096,32,128,14,3.239390994
1097,32,128,15,3.242542153
1098,32,128,16,3.25414904
1099,32,128,17,3.234152652
1100,32,128,18,3.242542153
1101,32,128,19,3.242542153
1064,32,64,1,0.998901209
1065,32,64,2,1.993620415
1066,32,64,3,2.795638803
1067,32,64,4,3.03674461
1068,32,64,5,3.109452736
1069,32,64,6,3.156565657
1070,32,64,7,3.169572108
1071,32,64,8,3.209242619
1072,32,64,9,3.196930946
1073,32,64,10,3.223726628
1074,32,64,11,3.224766204
1075,32,64,12,3.214400514
1076,32,64,13,3.231017771
1077,32,64,14,3.239390994
1078,32,64,15,3.242542153
1079,32,64,16,3.25414904
1080,32,64,17,3.234152652
1081,32,64,18,3.242542153
1082,32,64,19,3.242542153
1045,32,32,1,0.998901209
1046,32,32,2,1.993620415
1047,32,32,3,2.795638803
1048,32,32,4,3.03674461
1049,32,32,5,3.109452736
1050,32,32,6,3.156565657
1051,32,32,7,3.169572108
1052,32,32,8,3.209242619
1053,32,32,9,3.196930946
1054,32,32,10,3.223726628
1055,32,32,11,3.224766204
1056,32,32,12,3.214400514
1057,32,32,13,3.231017771
1058,32,32,14,3.239390994
1059,32,32,15,3.242542153
1060,32,32,16,3.25414904
1061,32,32,17,3.234152652
1062,32,32,18,3.242542153
1063,32,32,19,3.242542153
1026,32,16,1,0.998901209
1027,32,16,2,1.993620415
1028,32,16,3,2.795638803
1029,32,16,4,3.03674461
1030,32,16,5,3.109452736
1031,32,16,6,3.156565657
1032,32,16,7,3.169572108
1033,32,16,8,3.209242619
1034,32,16,9,3.196930946
1035,32,16,10,3.223726628
1036,32,16,11,3.224766204
1037,32,16,12,3.214400514
1038,32,16,13,3.231017771
1039,32,16,14,3.238341969
1040,32,16,15,3.2404407
1041,32,16,16,3.25414904
1042,32,16,17,3.233107016
1043,32,16,18,3.242542153
1044,32,16,19,3.242542153
1007,32,8,1,0.998901209
1008,32,8,2,1.993223042
1009,32,8,3,2.795638803
1010,32,8,4,3.033980583
1011,32,8,5,3.099814011
1012,32,8,6,3.122073057
1013,32,8,7,3.131850924
1014,32,8,8,3.158559697
1015,32,8,9,3.136762861
1016,32,8,10,3.164556962
1017,32,8,11,3.158559697
1018,32,8,12,3.158559697
1019,32,8,13,3.180661578
1020,32,8,14,3.175611305
1021,32,8,15,3.180661578
1022,32,8,16,3.183699459
1023,32,8,17,3.161555485
1024,32,8,18,3.187759005
1025,32,8,19,3.19284802
988,32,4,1,0.998901209
989,32,4,2,1.945525292
990,32,4,3,2.523977789
991,32,4,4,2.522068096
992,32,4,5,2.413709872
993,32,4,6,2.604166667
994,32,4,7,2.619858528
995,32,4,8,2.602811036
996,32,4,9,2.614379085
997,32,4,10,2.637826431
998,32,4,11,2.637826431
999,32,4,12,2.648305085
1000,32,4,13,2.659574468
1001,32,4,14,2.656042497
1002,32,4,15,2.649006623
1003,32,4,16,2.658867323
1004,32,4,17,2.644802962
1005,32,4,18,2.654632333
1006,32,4,19,2.663115846
969,32,2,1,0.998901209
970,32,2,2,1.587301587
971,32,2,3,1.457938475
972,32,2,4,1.601537476
973,32,2,5,1.55159038
974,32,2,6,1.622060016
975,32,2,7,1.597188947
976,32,2,8,1.628399284
977,32,2,9,1.620482904
978,32,2,10,1.639344262
979,32,2,11,1.629195178
980,32,2,12,1.647989453
981,32,2,13,1.642036125
982,32,2,14,1.647446458
983,32,2,15,1.646361541
984,32,2,16,1.650709805
985,32,2,17,1.644195988
986,32,2,18,1.647175095
987,32,2,19,1.648532806
950,32,1,1,0.998901209
951,32,1,2,0.99930049
952,32,1,3,0.99930049
953,32,1,4,0.99930049
954,32,1,5,0.99930049
955,32,1,6,0.99930049
956,32,1,7,0.99930049
957,32,1,8,0.99930049
958,32,1,9,0.99930049
959,32,1,10,0.99930049
960,32,1,11,0.99930049
961,32,1,12,0.99930049
962,32,1,13,0.99930049
963,32,1,14,0.99930049
964,32,1,15,0.99930049
965,32,1,16,0.99930049
966,32,1,17,0.99930049
967,32,1,18,0.99930049
968,32,1,19,0.99930049
931,16,512,1,0.998901209
932,16,512,2,1.623903865
933,16,512,3,1.720282126
934,16,512,4,1.760873393
935,16,512,5,1.767721407
936,16,512,6,1.771479185
937,16,512,7,1.775883502
938,16,512,8,1.788908766
939,16,512,9,1.782213509
940,16,512,10,1.789228842
941,16,512,11,1.795977011
942,16,512,12,1.792114695
943,16,512,13,1.795332136
944,16,512,14,1.798884691
945,16,512,15,1.800828381
946,16,512,16,1.803751804
947,16,512,17,1.795332136
948,16,512,18,1.799208348
949,16,512,19,1.800504141
912,16,256,1,0.998901209
913,16,256,2,1.623903865
914,16,256,3,1.720282126
915,16,256,4,1.760873393
916,16,256,5,1.767721407
917,16,256,6,1.771479185
918,16,256,7,1.775883502
919,16,256,8,1.788908766
920,16,256,9,1.782213509
921,16,256,10,1.789228842
922,16,256,11,1.795977011
923,16,256,12,1.792114695
924,16,256,13,1.795332136
925,16,256,14,1.798884691
926,16,256,15,1.800828381
927,16,256,16,1.803751804
928,16,256,17,1.795332136
929,16,256,18,1.799208348
930,16,256,19,1.800504141
893,16,128,1,0.998901209
894,16,128,2,1.623903865
895,16,128,3,1.720282126
896,16,128,4,1.760873393
897,16,128,5,1.767721407
898,16,128,6,1.771479185
899,16,128,7,1.775883502
900,16,128,8,1.788908766
901,16,128,9,1.782213509
902,16,128,10,1.789228842
903,16,128,11,1.795977011
904,16,128,12,1.792114695
905,16,128,13,1.795332136
906,16,128,14,1.798884691
907,16,128,15,1.800828381
908,16,128,16,1.803751804
909,16,128,17,1.795332136
910,16,128,18,1.799208348
911,16,128,19,1.800504141
874,16,64,1,0.998901209
875,16,64,2,1.623903865
876,16,64,3,1.720282126
877,16,64,4,1.760873393
878,16,64,5,1.767721407
879,16,64,6,1.771479185
880,16,64,7,1.775883502
881,16,64,8,1.788908766
882,16,64,9,1.782213509
883,16,64,10,1.789228842
884,16,64,11,1.795977011
885,16,64,12,1.792114695
886,16,64,13,1.795332136
887,16,64,14,1.798884691
888,16,64,15,1.800828381
889,16,64,16,1.803751804
890,16,64,17,1.795332136
891,16,64,18,1.799208348
892,16,64,19,1.800504141
855,16,32,1,0.998901209
856,16,32,2,1.623903865
857,16,32,3,1.720282126
858,16,32,4,1.760873393
859,16,32,5,1.767721407
860,16,32,6,1.771479185
861,16,32,7,1.775883502
862,16,32,8,1.788908766
863,16,32,9,1.782213509
864,16,32,10,1.789228842
865,16,32,11,1.795977011
866,16,32,12,1.792114695
867,16,32,13,1.795332136
868,16,32,14,1.798884691
869,16,32,15,1.800828381
870,16,32,16,1.803751804
871,16,32,17,1.795332136
872,16,32,18,1.799208348
873,16,32,19,1.800504141
836,16,16,1,0.998901209
837,16,16,2,1.623903865
838,16,16,3,1.720282126
839,16,16,4,1.760873393
840,16,16,5,1.767721407
841,16,16,6,1.771479185
842,16,16,7,1.775883502
843,16,16,8,1.788908766
844,16,16,9,1.782213509
845,16,16,10,1.789228842
846,16,16,11,1.795977011
847,16,16,12,1.792114695
848,16,16,13,1.795332136
849,16,16,14,1.798884691
850,16,16,15,1.800828381
851,16,16,16,1.803751804
852,16,16,17,1.795332136
853,16,16,18,1.799208348
854,16,16,19,1.800504141
817,16,8,1,0.998901209
818,16,8,2,1.623903865
819,16,8,3,1.720282126
820,16,8,4,1.760873393
821,16,8,5,1.767721407
822,16,8,6,1.771479185
823,16,8,7,1.775883502
824,16,8,8,1.788908766
825,16,8,9,1.780309774
826,16,8,10,1.789228842
827,16,8,11,1.795332136
828,16,8,12,1.792114695
829,16,8,13,1.795009873
830,16,8,14,1.797591228
831,16,8,15,1.798884691
832,16,8,16,1.803101334
833,16,8,17,1.794365692
834,16,8,18,1.797914419
835,16,8,19,1.800180018
798,16,4,1,0.998901209
799,16,4,2,1.623640201
800,16,4,3,1.717327838
801,16,4,4,1.740947075
802,16,4,5,1.736412572
803,16,4,6,1.740644038
804,16,4,7,1.748863239
805,16,4,8,1.757778168
806,16,4,9,1.75192712
807,16,4,10,1.761183515
808,16,4,11,1.759943682
809,16,4,12,1.762114537
810,16,4,13,1.764913519
811,16,4,14,1.764602082
812,16,4,15,1.76584849
813,16,4,16,1.76709666
814,16,4,17,1.759943682
815,16,4,18,1.767721407
816,16,4,19,1.769598301
779,16,2,1,0.998901209
780,16,2,2,1.518602885
781,16,2,3,1.456664239
782,16,2,4,1.518141794
783,16,2,5,1.517911354
784,16,2,6,1.533272002
785,16,2,7,1.530221882
786,16,2,8,1.533272002
787,16,2,9,1.53256705
788,16,2,10,1.535626536
789,16,2,11,1.535626536
790,16,2,12,1.538224888
791,16,2,13,1.537751807
792,16,2,14,1.53704273
793,16,2,15,1.535626536
794,16,2,16,1.538461538
795,16,2,17,1.533977604
796,16,2,18,1.542971764
797,16,2,19,1.536806516
760,16,1,1,0.998901209
761,16,1,2,0.99930049
762,16,1,3,0.99930049
763,16,1,4,0.99930049
764,16,1,5,0.99930049
765,16,1,6,0.99930049
766,16,1,7,0.99930049
767,16,1,8,0.99930049
768,16,1,9,0.99930049
769,16,1,10,0.99930049
770,16,1,11,0.99930049
771,16,1,12,0.99930049
772,16,1,13,0.99930049
773,16,1,14,0.99930049
774,16,1,15,0.99930049
775,16,1,16,0.99930049
776,16,1,17,0.99930049
777,16,1,18,0.99930049
778,16,1,19,0.99930049
741,8,512,1,0.873133677
742,8,512,2,0.953561552
743,8,512,3,0.960799385
744,8,512,4,0.971817298
745,8,512,5,0.970402717
746,8,512,6,0.973709834
747,8,512,7,0.975324295
748,8,512,8,0.978665101
749,8,512,9,0.974658869
750,8,512,10,0.977421562
751,8,512,11,0.97837785
752,8,512,12,0.98000784
753,8,512,13,0.980392157
754,8,512,14,0.979911808
755,8,512,15,0.981257973
756,8,512,16,0.980776775
757,8,512,17,0.981643271
758,8,512,18,0.980969198
759,8,512,19,0.981546918
722,8,256,1,0.873133677
723,8,256,2,0.953561552
724,8,256,3,0.960799385
725,8,256,4,0.971817298
726,8,256,5,0.970402717
727,8,256,6,0.973709834
728,8,256,7,0.975324295
729,8,256,8,0.978665101
730,8,256,9,0.974658869
731,8,256,10,0.977421562
732,8,256,11,0.97837785
733,8,256,12,0.98000784
734,8,256,13,0.980392157
735,8,256,14,0.979911808
736,8,256,15,0.981257973
737,8,256,16,0.980776775
738,8,256,17,0.981643271
739,8,256,18,0.980969198
740,8,256,19,0.981546918
703,8,128,1,0.873133677
704,8,128,2,0.953561552
705,8,128,3,0.960799385
706,8,128,4,0.971817298
707,8,128,5,0.970402717
708,8,128,6,0.973709834
709,8,128,7,0.975324295
710,8,128,8,0.978665101
711,8,128,9,0.974658869
712,8,128,10,0.977421562
713,8,128,11,0.97837785
714,8,128,12,0.98000784
715,8,128,13,0.980392157
716,8,128,14,0.979911808
717,8,128,15,0.981257973
718,8,128,16,0.980776775
719,8,128,17,0.981643271
720,8,128,18,0.980969198
721,8,128,19,0.981546918
684,8,64,1,0.873133677
685,8,64,2,0.953561552
686,8,64,3,0.960799385
687,8,64,4,0.971817298
688,8,64,5,0.970402717
689,8,64,6,0.973709834
690,8,64,7,0.975324295
691,8,64,8,0.978665101
692,8,64,9,0.974658869
693,8,64,10,0.977421562
694,8,64,11,0.97837785
695,8,64,12,0.98000784
696,8,64,13,0.980392157
697,8,64,14,0.979911808
698,8,64,15,0.981257973
699,8,64,16,0.980776775
700,8,64,17,0.981643271
701,8,64,18,0.980969198
702,8,64,19,0.981546918
665,8,32,1,0.873133677
666,8,32,2,0.953561552
667,8,32,3,0.960799385
668,8,32,4,0.971817298
669,8,32,5,0.970402717
670,8,32,6,0.973709834
671,8,32,7,0.975324295
672,8,32,8,0.978665101
673,8,32,9,0.974658869
674,8,32,10,0.977421562
675,8,32,11,0.97837785
676,8,32,12,0.98000784
677,8,32,13,0.980392157
678,8,32,14,0.979911808
679,8,32,15,0.981257973
680,8,32,16,0.980776775
681,8,32,17,0.981643271
682,8,32,18,0.980969198
683,8,32,19,0.981546918
646,8,16,1,0.873133677
647,8,16,2,0.953561552
648,8,16,3,0.960799385
649,8,16,4,0.971817298
650,8,16,5,0.970402717
651,8,16,6,0.973709834
652,8,16,7,0.975324295
653,8,16,8,0.978665101
654,8,16,9,0.974658869
655,8,16,10,0.977421562
656,8,16,11,0.97837785
657,8,16,12,0.98000784
658,8,16,13,0.980392157
659,8,16,14,0.979911808
660,8,16,15,0.981257973
661,8,16,16,0.980776775
662,8,16,17,0.981643271
663,8,16,18,0.980969198
664,8,16,19,0.981546918
627,8,8,1,0.873133677
628,8,8,2,0.953561552
629,8,8,3,0.960799385
630,8,8,4,0.971817298
631,8,8,5,0.970402717
632,8,8,6,0.973709834
633,8,8,7,0.975324295
634,8,8,8,0.978665101
635,8,8,9,0.974658869
636,8,8,10,0.977421562
637,8,8,11,0.97837785
638,8,8,12,0.98000784
639,8,8,13,0.980392157
640,8,8,14,0.979911808
641,8,8,15,0.981257973
642,8,8,16,0.980776775
643,8,8,17,0.981643271
644,8,8,18,0.980969198
645,8,8,19,0.981546918
608,8,4,1,0.873133677
609,8,4,2,0.953561552
610,8,4,3,0.960799385
611,8,4,4,0.971534052
612,8,4,5,0.969086152
613,8,4,6,0.972668028
614,8,4,7,0.973709834
615,8,4,8,0.977230529
616,8,4,9,0.972762646
617,8,4,10,0.975800156
618,8,4,11,0.976944119
619,8,4,12,0.977899472
620,8,4,13,0.978282137
621,8,4,14,0.978282137
622,8,4,15,0.979048365
623,8,4,16,0.978856695
624,8,4,17,0.979911808
625,8,4,18,0.978665101
626,8,4,19,0.979048365
589,8,2,1,0.873133677
590,8,2,2,0.950751093
591,8,2,3,0.946969697
592,8,2,4,0.953470633
593,8,2,5,0.953925403
594,8,2,6,0.95456281
595,8,2,7,0.9544717
596,8,2,8,0.956937799
597,8,2,9,0.955018623
598,8,2,10,0.957670944
599,8,2,11,0.957487553
600,8,2,12,0.957212597
601,8,2,13,0.958221541
602,8,2,14,0.95757924
603,8,2,15,0.957762666
604,8,2,16,0.958129731
605,8,2,17,0.958956655
606,8,2,18,0.958497077
607,8,2,19,0.958772771
570,8,1,1,0.873133677
571,8,1,2,0.873286176
572,8,1,3,0.873286176
573,8,1,4,0.873286176
574,8,1,5,0.873286176
575,8,1,6,0.873286176
576,8,1,7,0.873286176
577,8,1,8,0.873286176
578,8,1,9,0.873286176
579,8,1,10,0.873286176
580,8,1,11,0.873286176
581,8,1,12,0.873286176
582,8,1,13,0.873286176
583,8,1,14,0.873286176
584,8,1,15,0.873286176
585,8,1,16,0.873286176
586,8,1,17,0.873286176
587,8,1,18,0.873286176
588,8,1,19,0.873286176
551,4,512,1,0.523505392
552,4,512,2,0.531264942
553,4,512,3,0.531490832
554,4,512,4,0.534016875
555,4,512,5,0.533134297
556,4,512,6,0.534130969
557,4,512,7,0.533931336
558,4,512,8,0.535045479
559,4,512,9,0.534302201
560,4,512,10,0.53498823
561,4,512,11,0.53498823
562,4,512,12,0.535303249
563,4,512,13,0.535131375
564,4,512,14,0.535245946
565,4,512,15,0.535331906
566,4,512,16,0.535561268
567,4,512,17,0.535589952
568,4,512,18,0.535475234
569,4,512,19,0.535532587
532,4,256,1,0.523505392
533,4,256,2,0.531264942
534,4,256,3,0.531490832
535,4,256,4,0.534016875
536,4,256,5,0.533134297
537,4,256,6,0.534130969
538,4,256,7,0.533931336
539,4,256,8,0.535045479
540,4,256,9,0.534302201
541,4,256,10,0.53498823
542,4,256,11,0.53498823
543,4,256,12,0.535303249
544,4,256,13,0.535131375
545,4,256,14,0.535245946
546,4,256,15,0.535331906
547,4,256,16,0.535561268
548,4,256,17,0.535589952
549,4,256,18,0.535475234
550,4,256,19,0.535532587
513,4,128,1,0.523505392
514,4,128,2,0.531264942
515,4,128,3,0.531490832
516,4,128,4,0.534016875
517,4,128,5,0.533134297
518,4,128,6,0.534130969
519,4,128,7,0.533931336
520,4,128,8,0.535045479
521,4,128,9,0.534302201
522,4,128,10,0.53498823
523,4,128,11,0.53498823
524,4,128,12,0.535303249
525,4,128,13,0.535131375
526,4,128,14,0.535245946
527,4,128,15,0.535331906
528,4,128,16,0.535561268
529,4,128,17,0.535589952
530,4,128,18,0.535475234
531,4,128,19,0.535532587
494,4,64,1,0.523505392
495,4,64,2,0.531264942
496,4,64,3,0.531490832
497,4,64,4,0.534016875
498,4,64,5,0.533134297
499,4,64,6,0.534130969
500,4,64,7,0.533931336
501,4,64,8,0.535045479
502,4,64,9,0.534302201
503,4,64,10,0.53498823
504,4,64,11,0.53498823
505,4,64,12,0.535303249
506,4,64,13,0.535131375
507,4,64,14,0.535245946
508,4,64,15,0.535331906
509,4,64,16,0.535561268
510,4,64,17,0.535589952
511,4,64,18,0.535475234
512,4,64,19,0.535532587
475,4,32,1,0.523505392
476,4,32,2,0.531264942
477,4,32,3,0.531490832
478,4,32,4,0.534016875
479,4,32,5,0.533134297
480,4,32,6,0.534130969
481,4,32,7,0.533931336
482,4,32,8,0.535045479
483,4,32,9,0.534302201
484,4,32,10,0.53498823
485,4,32,11,0.53498823
486,4,32,12,0.535303249
487,4,32,13,0.535131375
488,4,32,14,0.535245946
489,4,32,15,0.535331906
490,4,32,16,0.535561268
491,4,32,17,0.535589952
492,4,32,18,0.535475234
493,4,32,19,0.535532587
456,4,16,1,0.523505392
457,4,16,2,0.531264942
458,4,16,3,0.531490832
459,4,16,4,0.534016875
460,4,16,5,0.533134297
461,4,16,6,0.534130969
462,4,16,7,0.533931336
463,4,16,8,0.535045479
464,4,16,9,0.534302201
465,4,16,10,0.53498823
466,4,16,11,0.53498823
467,4,16,12,0.535303249
468,4,16,13,0.535131375
469,4,16,14,0.535245946
470,4,16,15,0.535331906
471,4,16,16,0.535561268
472,4,16,17,0.535589952
473,4,16,18,0.535475234
474,4,16,19,0.535532587
437,4,8,1,0.523505392
438,4,8,2,0.531264942
439,4,8,3,0.531490832
440,4,8,4,0.534016875
441,4,8,5,0.533134297
442,4,8,6,0.534130969
443,4,8,7,0.533931336
444,4,8,8,0.535045479
445,4,8,9,0.534302201
446,4,8,10,0.53498823
447,4,8,11,0.53498823
448,4,8,12,0.535303249
449,4,8,13,0.535131375
450,4,8,14,0.535245946
451,4,8,15,0.535331906
452,4,8,16,0.535561268
453,4,8,17,0.535589952
454,4,8,18,0.535475234
455,4,8,19,0.535532587
418,4,4,1,0.523505392
419,4,4,2,0.531264942
420,4,4,3,0.531490832
421,4,4,4,0.534016875
422,4,4,5,0.533134297
423,4,4,6,0.534130969
424,4,4,7,0.533931336
425,4,4,8,0.535045479
426,4,4,9,0.534302201
427,4,4,10,0.53498823
428,4,4,11,0.53498823
429,4,4,12,0.535303249
430,4,4,13,0.535131375
431,4,4,14,0.535245946
432,4,4,15,0.535331906
433,4,4,16,0.535561268
434,4,4,17,0.535589952
435,4,4,18,0.535475234
436,4,4,19,0.535532587
399,4,2,1,0.523505392
400,4,2,2,0.531264942
401,4,2,3,0.530616576
402,4,2,4,0.532396316
403,4,2,5,0.531716914
404,4,2,6,0.532396316
405,4,2,7,0.532169656
406,4,2,8,0.532821824
407,4,2,9,0.532169656
408,4,2,10,0.532935408
409,4,2,11,0.532935408
410,4,2,12,0.533049041
411,4,2,13,0.533049041
412,4,2,14,0.532935408
413,4,2,15,0.532935408
414,4,2,16,0.533248014
415,4,2,17,0.53321958
416,4,2,18,0.533134297
417,4,2,19,0.533077456
380,4,1,1,0.523505392
381,4,1,2,0.523505392
382,4,1,3,0.523505392
383,4,1,4,0.523505392
384,4,1,5,0.523505392
385,4,1,6,0.523505392
386,4,1,7,0.523505392
387,4,1,8,0.523505392
388,4,1,9,0.523505392
389,4,1,10,0.523505392
390,4,1,11,0.523505392
391,4,1,12,0.523505392
392,4,1,13,0.523505392
393,4,1,14,0.523505392
394,4,1,15,0.523505392
395,4,1,16,0.523505392
396,4,1,17,0.523505392
397,4,1,18,0.523505392
398,4,1,19,0.523505392
361,2,512,1,0.280630858
362,2,512,2,0.281056773
363,2,512,3,0.281072573
364,2,512,4,0.281270216
365,2,512,5,0.281309778
366,2,512,6,0.281278128
367,2,512,7,0.281349351
368,2,512,8,0.281381018
369,2,512,9,0.281404773
370,2,512,10,0.281436452
371,2,512,11,0.281388936
372,2,512,12,0.281381018
373,2,512,13,0.281436452
374,2,512,14,0.281460216
375,2,512,15,0.281468138
376,2,512,16,0.281507756
377,2,512,17,0.281491907
378,2,512,18,0.28147606
379,2,512,19,0.281507756
342,2,256,1,0.280630858
343,2,256,2,0.281056773
344,2,256,3,0.281072573
345,2,256,4,0.281270216
346,2,256,5,0.281309778
347,2,256,6,0.281278128
348,2,256,7,0.281349351
349,2,256,8,0.281381018
350,2,256,9,0.281404773
351,2,256,10,0.281436452
352,2,256,11,0.281388936
353,2,256,12,0.281381018
354,2,256,13,0.281436452
355,2,256,14,0.281460216
356,2,256,15,0.281468138
357,2,256,16,0.281507756
358,2,256,17,0.281491907
359,2,256,18,0.28147606
360,2,256,19,0.281507756
323,2,128,1,0.280630858
324,2,128,2,0.281056773
325,2,128,3,0.281072573
326,2,128,4,0.281270216
327,2,128,5,0.281309778
328,2,128,6,0.281278128
329,2,128,7,0.281349351
330,2,128,8,0.281381018
331,2,128,9,0.281404773
332,2,128,10,0.281436452
333,2,128,11,0.281388936
334,2,128,12,0.281381018
335,2,128,13,0.281436452
336,2,128,14,0.281460216
337,2,128,15,0.281468138
338,2,128,16,0.281507756
339,2,128,17,0.281491907
340,2,128,18,0.28147606
341,2,128,19,0.281507756
304,2,64,1,0.280630858
305,2,64,2,0.281056773
306,2,64,3,0.281072573
307,2,64,4,0.281270216
308,2,64,5,0.281309778
309,2,64,6,0.281278128
310,2,64,7,0.281349351
311,2,64,8,0.281381018
312,2,64,9,0.281404773
313,2,64,10,0.281436452
314,2,64,11,0.281388936
315,2,64,12,0.281381018
316,2,64,13,0.281436452
317,2,64,14,0.281460216
318,2,64,15,0.281468138
319,2,64,16,0.281507756
320,2,64,17,0.281491907
321,2,64,18,0.28147606
322,2,64,19,0.281507756
285,2,32,1,0.280630858
286,2,32,2,0.281056773
287,2,32,3,0.281072573
288,2,32,4,0.281270216
289,2,32,5,0.281309778
290,2,32,6,0.281278128
291,2,32,7,0.281349351
292,2,32,8,0.281381018
293,2,32,9,0.281404773
294,2,32,10,0.281436452
295,2,32,11,0.281388936
296,2,32,12,0.281381018
297,2,32,13,0.281436452
298,2,32,14,0.281460216
299,2,32,15,0.281468138
300,2,32,16,0.281507756
301,2,32,17,0.281491907
302,2,32,18,0.28147606
303,2,32,19,0.281507756
266,2,16,1,0.280630858
267,2,16,2,0.281056773
268,2,16,3,0.281072573
269,2,16,4,0.281270216
270,2,16,5,0.281309778
271,2,16,6,0.281278128
272,2,16,7,0.281349351
273,2,16,8,0.281381018
274,2,16,9,0.281404773
275,2,16,10,0.281436452
276,2,16,11,0.281388936
277,2,16,12,0.281381018
278,2,16,13,0.281436452
279,2,16,14,0.281460216
280,2,16,15,0.281468138
281,2,16,16,0.281507756
282,2,16,17,0.281491907
283,2,16,18,0.28147606
284,2,16,19,0.281507756
247,2,8,1,0.280630858
248,2,8,2,0.281056773
249,2,8,3,0.281072573
250,2,8,4,0.281270216
251,2,8,5,0.281309778
252,2,8,6,0.281278128
253,2,8,7,0.281349351
254,2,8,8,0.281381018
255,2,8,9,0.281404773
256,2,8,10,0.281436452
257,2,8,11,0.281388936
258,2,8,12,0.281381018
259,2,8,13,0.281436452
260,2,8,14,0.281460216
261,2,8,15,0.281468138
262,2,8,16,0.281507756
263,2,8,17,0.281491907
264,2,8,18,0.28147606
265,2,8,19,0.281507756
228,2,4,1,0.280630858
229,2,4,2,0.281056773
230,2,4,3,0.281072573
231,2,4,4,0.281270216
232,2,4,5,0.281309778
233,2,4,6,0.281278128
234,2,4,7,0.281349351
235,2,4,8,0.281381018
236,2,4,9,0.281404773
237,2,4,10,0.281436452
238,2,4,11,0.281388936
239,2,4,12,0.281381018
240,2,4,13,0.281436452
241,2,4,14,0.281460216
242,2,4,15,0.281468138
243,2,4,16,0.281507756
244,2,4,17,0.281491907
245,2,4,18,0.28147606
246,2,4,19,0.281507756
209,2,2,1,0.280630858
210,2,2,2,0.281056773
211,2,2,3,0.281072573
212,2,2,4,0.281270216
213,2,2,5,0.281309778
214,2,2,6,0.281278128
215,2,2,7,0.281349351
216,2,2,8,0.281381018
217,2,2,9,0.281404773
218,2,2,10,0.281436452
219,2,2,11,0.281388936
220,2,2,12,0.281381018
221,2,2,13,0.281436452
222,2,2,14,0.281460216
223,2,2,15,0.281468138
224,2,2,16,0.281507756
225,2,2,17,0.281491907
226,2,2,18,0.28147606
227,2,2,19,0.281507756
190,2,1,1,0.280630858
191,2,1,2,0.280630858
192,2,1,3,0.280630858
193,2,1,4,0.280630858
194,2,1,5,0.280630858
195,2,1,6,0.280630858
196,2,1,7,0.280630858
197,2,1,8,0.280630858
198,2,1,9,0.280630858
199,2,1,10,0.280630858
200,2,1,11,0.280630858
201,2,1,12,0.280630858
202,2,1,13,0.280630858
203,2,1,14,0.280630858
204,2,1,15,0.280630858
205,2,1,16,0.280630858
206,2,1,17,0.280630858
207,2,1,18,0.280630858
208,2,1,19,0.280630858
171,1,512,1,0.145486288
172,1,512,2,0.145486288
173,1,512,3,0.145486288
174,1,512,4,0.145486288
175,1,512,5,0.145486288
176,1,512,6,0.145486288
177,1,512,7,0.145486288
178,1,512,8,0.145486288
179,1,512,9,0.145486288
180,1,512,10,0.145486288
181,1,512,11,0.145486288
182,1,512,12,0.145486288
183,1,512,13,0.145486288
184,1,512,14,0.145486288
185,1,512,15,0.145486288
186,1,512,16,0.145486288
187,1,512,17,0.145486288
188,1,512,18,0.145486288
189,1,512,19,0.145486288
152,1,256,1,0.145486288
153,1,256,2,0.145486288
154,1,256,3,0.145486288
155,1,256,4,0.145486288
156,1,256,5,0.145486288
157,1,256,6,0.145486288
158,1,256,7,0.145486288
159,1,256,8,0.145486288
160,1,256,9,0.145486288
161,1,256,10,0.145486288
162,1,256,11,0.145486288
163,1,256,12,0.145486288
164,1,256,13,0.145486288
165,1,256,14,0.145486288
166,1,256,15,0.145486288
167,1,256,16,0.145486288
168,1,256,17,0.145486288
169,1,256,18,0.145486288
170,1,256,19,0.145486288
133,1,128,1,0.145486288
134,1,128,2,0.145486288
135,1,128,3,0.145486288
136,1,128,4,0.145486288
137,1,128,5,0.145486288
138,1,128,6,0.145486288
139,1,128,7,0.145486288
140,1,128,8,0.145486288
141,1,128,9,0.145486288
142,1,128,10,0.145486288
143,1,128,11,0.145486288
144,1,128,12,0.145486288
145,1,128,13,0.145486288
146,1,128,14,0.145486288
147,1,128,15,0.145486288
148,1,128,16,0.145486288
149,1,128,17,0.145486288
150,1,128,18,0.145486288
151,1,128,19,0.145486288
114,1,64,1,0.145486288
115,1,64,2,0.145486288
116,1,64,3,0.145486288
117,1,64,4,0.145486288
118,1,64,5,0.145486288
119,1,64,6,0.145486288
120,1,64,7,0.145486288
121,1,64,8,0.145486288
122,1,64,9,0.145486288
123,1,64,10,0.145486288
124,1,64,11,0.145486288
125,1,64,12,0.145486288
126,1,64,13,0.145486288
127,1,64,14,0.145486288
128,1,64,15,0.145486288
129,1,64,16,0.145486288
130,1,64,17,0.145486288
131,1,64,18,0.145486288
132,1,64,19,0.145486288
95,1,32,1,0.145486288
96,1,32,2,0.145486288
97,1,32,3,0.145486288
98,1,32,4,0.145486288
99,1,32,5,0.145486288
100,1,32,6,0.145486288
101,1,32,7,0.145486288
102,1,32,8,0.145486288
103,1,32,9,0.145486288
104,1,32,10,0.145486288
105,1,32,11,0.145486288
106,1,32,12,0.145486288
107,1,32,13,0.145486288
108,1,32,14,0.145486288
109,1,32,15,0.145486288
110,1,32,16,0.145486288
111,1,32,17,0.145486288
112,1,32,18,0.145486288
113,1,32,19,0.145486288
76,1,16,1,0.145486288
77,1,16,2,0.145486288
78,1,16,3,0.145486288
79,1,16,4,0.145486288
80,1,16,5,0.145486288
81,1,16,6,0.145486288
82,1,16,7,0.145486288
83,1,16,8,0.145486288
84,1,16,9,0.145486288
85,1,16,10,0.145486288
86,1,16,11,0.145486288
87,1,16,12,0.145486288
88,1,16,13,0.145486288
89,1,16,14,0.145486288
90,1,16,15,0.145486288
91,1,16,16,0.145486288
92,1,16,17,0.145486288
93,1,16,18,0.145486288
94,1,16,19,0.145486288
57,1,8,1,0.145486288
58,1,8,2,0.145486288
59,1,8,3,0.145486288
60,1,8,4,0.145486288
61,1,8,5,0.145486288
62,1,8,6,0.145486288
63,1,8,7,0.145486288
64,1,8,8,0.145486288
65,1,8,9,0.145486288
66,1,8,10,0.145486288
67,1,8,11,0.145486288
68,1,8,12,0.145486288
69,1,8,13,0.145486288
70,1,8,14,0.145486288
71,1,8,15,0.145486288
72,1,8,16,0.145486288
73,1,8,17,0.145486288
74,1,8,18,0.145486288
75,1,8,19,0.145486288
38,1,4,1,0.145486288
39,1,4,2,0.145486288
40,1,4,3,0.145486288
41,1,4,4,0.145486288
42,1,4,5,0.145486288
43,1,4,6,0.145486288
44,1,4,7,0.145486288
45,1,4,8,0.145486288
46,1,4,9,0.145486288
47,1,4,10,0.145486288
48,1,4,11,0.145486288
49,1,4,12,0.145486288
50,1,4,13,0.145486288
51,1,4,14,0.145486288
52,1,4,15,0.145486288
53,1,4,16,0.145486288
54,1,4,17,0.145486288
55,1,4,18,0.145486288
56,1,4,19,0.145486288
19,1,2,1,0.145486288
20,1,2,2,0.145486288
21,1,2,3,0.145486288
22,1,2,4,0.145486288
23,1,2,5,0.145486288
24,1,2,6,0.145486288
25,1,2,7,0.145486288
26,1,2,8,0.145486288
27,1,2,9,0.145486288
28,1,2,10,0.145486288
29,1,2,11,0.145486288
30,1,2,12,0.145486288
31,1,2,13,0.145486288
32,1,2,14,0.145486288
33,1,2,15,0.145486288
34,1,2,16,0.145486288
35,1,2,17,0.145486288
36,1,2,18,0.145486288
37,1,2,19,0.145486288
0,1,1,1,0.145486288
1,1,1,2,0.145486288
2,1,1,3,0.145486288
3,1,1,4,0.145486288
4,1,1,5,0.145486288
5,1,1,6,0.145486288
6,1,1,7,0.145486288
7,1,1,8,0.145486288
8,1,1,9,0.145486288
9,1,1,10,0.145486288
10,1,1,11,0.145486288
11,1,1,12,0.145486288
12,1,1,13,0.145486288
13,1,1,14,0.145486288
14,1,1,15,0.145486288
15,1,1,16,0.145486288
16,1,1,17,0.145486288
17,1,1,18,0.145486288
18,1,1,19,0.145486288
